"Time_Iter","Outer_Iter","Inner_Iter",    "rms[Rho]"    ,    "rms[RhoU]"   ,    "rms[RhoV]"   ,    "rms[RhoE]"   ,     "rms[k]"     ,     "rms[w]"     
          0,           0,           0,       -4.43432461,      -12.34154935,      -12.46670465,       1.089443642,     -0.6999559842,        3.08610942
          0,           0,           1,      -4.688355113,      -1.924968187,      -2.178526747,      0.7492843749,     -0.7650533267,       3.303893923
          0,           0,           2,      -4.842817657,      -1.981467443,       -2.36539982,      0.5689995593,     -0.8247626736,       3.283414964
          0,           0,           3,      -4.904319684,      -2.085552768,      -2.489425572,      0.5263896405,     -0.8799311475,        3.26454411
          0,           0,           4,      -4.948467124,      -2.155583938,      -2.626544525,      0.4958003159,     -0.9312232507,       3.250549383
          0,           0,           5,      -5.004738796,      -2.209951225,      -2.727057146,      0.4351910827,     -0.9791682703,       3.242037052
          0,           0,           6,      -5.082723706,      -2.269650062,      -2.809016494,      0.3366018406,      -1.024193804,       3.237973397
          0,           0,           7,      -5.155897041,      -2.319503731,      -2.913256737,       0.232534371,      -1.066649807,       3.237275794
          0,           0,           8,      -5.225385051,      -2.360200658,       -3.00681902,      0.1268165884,      -1.106826147,       3.230989525
          0,           0,           9,      -5.297110461,      -2.402470799,      -3.095430149,     0.01644402214,      -1.144965485,       3.222496737
          0,           0,          10,      -5.349644919,      -2.445155266,      -3.195695373,    -0.06354500799,         -1.181273,       3.207828737
          0,           0,          11,       -5.38301617,      -2.483211739,      -3.287724071,     -0.1153843859,      -1.215923741,       3.190304233
          0,           0,          12,      -5.419371238,      -2.517099966,      -3.363054818,     -0.1967226757,      -1.249068252,       3.169414386
          0,           0,          13,      -5.456924566,      -2.549027897,      -3.437512766,     -0.3166826739,      -1.280837032,       3.145949823
          0,           0,          14,      -5.481745317,      -2.579453048,      -3.509087294,     -0.4154588444,      -1.311343949,       3.120025886
          0,           0,          15,       -5.49727239,      -2.608002153,      -3.572196971,     -0.4648846144,      -1.340688972,       3.091749471
          0,           0,          16,      -5.513946235,       -2.63471647,      -3.631480504,     -0.5241142983,      -1.368960371,       3.061289631
          0,           0,          17,      -5.532111755,      -2.659893828,      -3.684261565,     -0.6196867532,      -1.396236495,       3.028842687
          0,           0,          18,      -5.546933819,      -2.683774417,      -3.724725261,     -0.7215992944,      -1.422587224,       2.994611726
          0,           0,          19,       -5.55741592,      -2.706535168,      -3.756686364,     -0.7889055008,      -1.448075165,       2.958799809
          0,           0,          20,      -5.566264428,      -2.728292039,      -3.784668741,     -0.8343352906,      -1.472756632,       2.921610299
          0,           0,          21,      -5.575502547,      -2.749116781,      -3.807185252,      -0.894441683,      -1.496682481,       2.883247138
          0,           0,          22,      -5.584923137,      -2.769204448,      -3.825060873,     -0.9829329929,      -1.519898798,       2.843898941
          0,           0,          23,       -5.59385798,      -2.788541625,      -3.843705584,      -1.060546675,       -1.54244749,       2.803777328
          0,           0,          24,       -5.60288405,      -2.807233582,      -3.858776681,      -1.111242116,      -1.564366778,       2.763124553
          0,           0,          25,       -5.61176936,      -2.825490601,      -3.871154612,      -1.135043462,      -1.585691628,       2.722190827
          0,           0,          26,      -5.619800894,      -2.843203355,      -3.880374201,      -1.157072178,      -1.606454116,       2.681195427
          0,           0,          27,      -5.627040597,      -2.860212555,      -3.886535836,      -1.204673551,      -1.626683742,       2.640356688
          0,           0,          28,      -5.633858091,      -2.876645694,      -3.892779477,      -1.258446205,      -1.646407705,       2.599886154
          0,           0,          29,      -5.640122524,      -2.892584254,      -3.898624216,      -1.297392321,       -1.66565114,       2.559977896
          0,           0,          30,      -5.645890965,      -2.908066151,        -3.9028198,      -1.320354187,      -1.684437325,       2.520808043
          0,           0,          31,      -5.651446103,      -2.923110719,      -3.905363348,      -1.337879411,       -1.70278786,       2.482550665
          0,           0,          32,      -5.656992487,      -2.937744419,      -3.906736912,      -1.356674434,      -1.720722835,       2.445377719
          0,           0,          33,      -5.662552375,      -2.951989513,      -3.907576092,       -1.37724174,      -1.738260962,       2.409468609
          0,           0,          34,      -5.668050537,      -2.965871463,      -3.908437033,      -1.397926558,      -1.755419703,       2.374981139
          0,           0,          35,      -5.673418838,      -2.979414074,      -3.909580241,      -1.417509025,      -1.772215385,       2.342035661
          0,           0,          36,      -5.678633717,      -2.992637671,      -3.911018747,      -1.436168088,      -1.788663292,       2.310710837
          0,           0,          37,      -5.683702259,      -3.005556009,      -3.912634059,      -1.452492907,      -1.804777752,       2.281043517
          0,           0,          38,      -5.688657868,      -3.018181362,      -3.914227393,      -1.466037735,      -1.820572223,        2.25303394
          0,           0,          39,      -5.693517329,      -3.030523284,      -3.915665801,      -1.476558282,      -1.836059352,       2.226647347
          0,           0,          40,      -5.698279666,      -3.042589919,      -3.916875346,       -1.48478976,       -1.85125105,       2.201819495
          0,           0,          41,      -5.702938016,      -3.054392234,       -3.91784604,      -1.491222675,       -1.86615854,       2.178462826
          0,           0,          42,      -5.707480445,      -3.065940973,      -3.918608771,      -1.495981512,      -1.880792412,       2.156472564
          0,           0,          43,      -5.711897681,      -3.077248259,      -3.919203851,      -1.499412222,      -1.895162673,       2.135733126
          0,           0,          44,      -5.716187471,      -3.088329187,      -3.919664716,      -1.500902453,      -1.909278784,       2.116124137
          0,           0,          45,      -5.720353261,      -3.099203672,      -3.919993437,      -1.498992077,      -1.923149703,        2.09752528
          0,           0,          46,      -5.724400239,      -3.109893592,       -3.92015678,        -1.4962382,      -1.936783916,       2.079821178
          0,           0,          47,      -5.728331813,      -3.120411999,      -3.920197915,      -1.486896873,      -1.950189473,       2.062906484
          0,           0,          48,       -5.73213735,      -3.130538316,      -3.920028849,      -1.500401456,      -1.963374018,       2.046675187
          0,           0,          49,      -5.735795177,      -3.140387818,      -3.920319695,       -1.51614604,      -1.976344811,       2.031044731
          0,           0,          50,      -5.739218958,      -3.150025911,      -3.920733291,      -1.526044227,      -1.989108758,       2.015946766
          0,           0,          51,      -5.742260383,      -3.159466196,      -3.920747636,      -1.534445333,      -2.001672434,       2.001296525
          0,           0,          52,      -5.744904597,      -3.168710207,      -3.920367556,      -1.542292333,      -2.014042099,       1.987009797
          0,           0,          53,      -5.747283428,      -3.177758339,      -3.919806725,      -1.548531021,      -2.026223723,       1.973031797
          0,           0,          54,      -5.749504508,      -3.186612238,      -3.919208995,      -1.554254286,      -2.038222999,        1.95933708
          0,           0,          55,      -5.751582034,      -3.195273009,      -3.918663061,      -1.559053299,      -2.050045365,       1.945909381
          0,           0,          56,      -5.753487954,      -3.203744045,      -3.918162488,      -1.564341904,      -2.061696015,       1.932728174
          0,           0,          57,      -5.755213058,      -3.211828562,      -3.917661421,      -1.566935101,      -2.073179915,       1.919770237
          0,           0,          58,      -5.756749688,      -3.219529949,      -3.917064826,      -1.563383676,      -2.084501816,       1.907007092
          0,           0,          59,       -5.75801414,      -3.227088573,      -3.916197417,      -1.561565299,      -2.095666269,       1.894425522
          0,           0,          60,      -5.758935583,      -3.234570138,      -3.915142098,      -1.569617835,      -2.106677632,       1.882013104
          0,           0,          61,      -5.759583523,      -3.241950535,      -3.914168115,       -1.57990823,      -2.117540082,       1.869745121
          0,           0,          62,      -5.760123503,      -3.249207418,      -3.913318928,      -1.586634911,      -2.128257627,       1.857604074
          0,           0,          63,      -5.760669807,      -3.256327113,      -3.912514803,      -1.590267266,      -2.138834112,       1.845591652
          0,           0,          64,      -5.761231296,      -3.263301546,      -3.911720808,      -1.592051044,      -2.149273231,       1.833718349
          0,           0,          65,      -5.761768165,      -3.270126301,      -3.910910107,       -1.59262181,      -2.159578531,       1.821989641
          0,           0,          66,      -5.762250374,      -3.276799463,      -3.910033555,      -1.592683868,      -2.169753425,       1.810403418
          0,           0,          67,      -5.762669037,      -3.283321014,      -3.909060093,      -1.592585505,      -2.179801194,       1.798951406
          0,           0,          68,      -5.763022257,      -3.289691048,      -3.907993683,      -1.591662913,      -2.189724996,        1.78762651
          0,           0,          69,      -5.763310607,      -3.295910348,      -3.906834865,      -1.590224408,      -2.199527872,       1.776424996
          0,           0,          70,       -5.76353382,      -3.301980331,      -3.905600414,      -1.588451606,      -2.209212752,          1.765346
          0,           0,          71,      -5.763691806,      -3.307902877,      -3.904307903,      -1.586617034,      -2.218782457,       1.754390515
          0,           0,          72,      -5.763785137,      -3.313680502,      -3.902971831,      -1.585260533,      -2.228239712,       1.743559436
          0,           0,          73,      -5.763813803,      -3.319314677,      -3.901612128,      -1.583577759,      -2.237587141,        1.73285302
          0,           0,          74,      -5.763781783,      -3.324806496,      -3.900222372,        -1.5815102,      -2.246827281,       1.722271452
          0,           0,          75,      -5.763697096,      -3.330156901,      -3.898795058,      -1.579115687,      -2.255962577,        1.71181511
          0,           0,          76,      -5.763569053,      -3.335366608,      -3.897331177,       -1.57647855,      -2.264995394,       1.701483912
          0,           0,          77,      -5.763403486,      -3.340438605,      -3.895834895,      -1.574467169,      -2.273928017,       1.691278066
          0,           0,          78,      -5.763196739,      -3.345376647,      -3.894337448,      -1.571966263,      -2.282762654,       1.681196228
          0,           0,          79,      -5.762940125,      -3.350249751,      -3.892830865,      -1.570100543,      -2.291501439,       1.671237232
          0,           0,          80,       -5.76261577,      -3.355099223,      -3.891334357,       -1.57206314,       -2.30014644,       1.661400335
          0,           0,          81,       -5.76220299,      -3.359832866,      -3.889958281,      -1.570963964,      -2.308699656,       1.651689539
          0,           0,          82,      -5.761701736,      -3.364456962,      -3.888531441,      -1.570881819,      -2.317163022,       1.642100606
          0,           0,          83,      -5.761127248,      -3.368975675,      -3.887109614,      -1.571910614,      -2.325538415,       1.632627751
          0,           0,          84,      -5.760503992,      -3.373381457,      -3.885721519,      -1.571228406,      -2.333827649,       1.623273355
          0,           0,          85,      -5.759847583,      -3.377675573,      -3.884292374,      -1.570016829,      -2.342032484,       1.614044674
          0,           0,          86,      -5.759168082,      -3.381860754,      -3.882836062,      -1.568432629,      -2.350154628,       1.604941149
          0,           0,          87,      -5.758469661,      -3.385941175,      -3.881357302,      -1.566512102,      -2.358195735,       1.595958099
          0,           0,          88,      -5.757746039,      -3.389920612,      -3.879856122,       -1.56401053,      -2.366157413,       1.587087042
          0,           0,          89,      -5.756986708,      -3.393799725,      -3.878330342,      -1.561556479,      -2.374041219,       1.578322038
          0,           0,          90,      -5.756189329,      -3.397580794,      -3.876783609,      -1.559370056,      -2.381848665,       1.569660853
          0,           0,          91,      -5.755358956,      -3.401266134,      -3.875226197,      -1.557312323,       -2.38958122,       1.561102448
          0,           0,          92,      -5.754501867,      -3.404858072,      -3.873669647,      -1.555258868,      -2.397240312,       1.552645191
          0,           0,          93,      -5.753622909,      -3.408359884,      -3.872115168,      -1.553342972,      -2.404827325,       1.544286577
          0,           0,          94,      -5.752725328,      -3.411775474,      -3.870566383,       -1.55075328,      -2.412343607,       1.536025788
          0,           0,          95,       -5.75180588,        -3.4151026,      -3.869016163,      -1.548334401,      -2.419790467,       1.527862121
          0,           0,          96,      -5.750868221,        -3.4183449,      -3.867466433,      -1.546205862,      -2.427169178,       1.519789805
          0,           0,          97,      -5.749916979,      -3.421504016,      -3.865921713,      -1.544091318,      -2.434480979,       1.511809294
          0,           0,          98,      -5.748956262,      -3.424584072,      -3.864382868,      -1.541517912,      -2.441727073,       1.503919138
          0,           0,          99,      -5.747982763,      -3.427587037,      -3.862844408,      -1.538800815,      -2.448908634,       1.496117505
          0,           0,         100,      -5.746996028,       -3.43056303,      -3.861308301,      -1.536008229,      -2.456026802,        1.48840316
          0,           0,         101,      -5.745994441,      -3.433539037,      -3.859776996,      -1.531599077,      -2.463082688,       1.480772848
          0,           0,         102,      -5.744953792,       -3.43640221,      -3.858226904,      -1.526830899,      -2.470077373,        1.47322766
          0,           0,         103,      -5.743874465,      -3.439144194,       -3.85666872,      -1.523640277,      -2.477011912,       1.465764726
          0,           0,         104,      -5.742774208,      -3.441781454,      -3.855146698,      -1.521014448,      -2.483887332,       1.458375779
          0,           0,         105,      -5.741668161,      -3.444312481,      -3.853654481,      -1.519250675,      -2.490704634,       1.451059496
          0,           0,         106,      -5.740573928,      -3.446747089,      -3.852191809,      -1.518230349,      -2.497464794,       1.443820718
          0,           0,         107,       -5.73950423,      -3.449096116,      -3.850765711,      -1.517428007,       -2.50416876,        1.43666001
          0,           0,         108,      -5.738463335,      -3.451368804,      -3.849365374,      -1.516334745,      -2.510817462,       1.429572964
          0,           0,         109,       -5.73744625,      -3.453572619,       -3.84797619,       -1.51486416,      -2.517411802,       1.422554012
          0,           0,         110,      -5.736444196,      -3.455713367,      -3.846590847,      -1.513215931,      -2.523952662,       1.415597854
          0,           0,         111,      -5.735452001,      -3.457795789,      -3.845210279,      -1.511446606,      -2.530440903,       1.408701691
          0,           0,         112,      -5.734468249,      -3.459823494,      -3.843837714,      -1.509771595,      -2.536877365,       1.401863212
          0,           0,         113,       -5.73349465,       -3.46180002,      -3.842480636,      -1.507912415,      -2.543262867,        1.39508444
          0,           0,         114,      -5.732532855,      -3.463728318,      -3.841138461,      -1.505964145,      -2.549598209,       1.388363963
          0,           0,         115,      -5.731583528,      -3.465611029,      -3.839812366,      -1.504097604,      -2.555884173,       1.381703564
          0,           0,         116,      -5.730648451,      -3.467451267,      -3.838506036,      -1.502094086,      -2.562121522,       1.375100127
          0,           0,         117,      -5.729728576,      -3.469246213,      -3.837216888,      -1.500521783,      -2.568311001,       1.368554661
          0,           0,         118,       -5.72882745,       -3.47098281,      -3.835953826,      -1.499889259,      -2.574453339,       1.362065344
          0,           0,         119,       -5.72795471,      -3.472671428,      -3.834730612,      -1.498772018,      -2.580549246,       1.355633685
          0,           0,         120,       -5.72710835,      -3.474321556,      -3.833522529,      -1.497639854,      -2.586599419,       1.349258011
          0,           0,         121,      -5.726277627,      -3.475936622,      -3.832327136,       -1.49675324,      -2.592604538,       1.342936133
          0,           0,         122,      -5.725456797,      -3.477521934,      -3.831153735,      -1.495535609,      -2.598565266,       1.336665777
          0,           0,         123,      -5.724640648,      -3.479080155,      -3.829992495,      -1.494187599,      -2.604482255,        1.33044872
          0,           0,         124,      -5.723823221,      -3.480612534,      -3.828842344,      -1.492795906,      -2.610356139,        1.32428118
          0,           0,         125,      -5.723004399,      -3.482119734,       -3.82770523,      -1.491402041,      -2.616187541,       1.318159057
          0,           0,         126,      -5.722188901,      -3.483601807,      -3.826583174,      -1.490028021,      -2.621977069,       1.312080868
          0,           0,         127,      -5.721381833,      -3.485059086,      -3.825479414,      -1.488688131,      -2.627725318,       1.306048217
          0,           0,         128,      -5.720586619,      -3.486491695,      -3.824395464,      -1.487351685,       -2.63343287,        1.30006307
          0,           0,         129,      -5.719804854,      -3.487901378,      -3.823330708,      -1.485942194,      -2.639100296,       1.294124969
          0,           0,         130,      -5.719037723,      -3.489289429,      -3.822283586,      -1.484595601,      -2.644728154,       1.288232492
          0,           0,         131,      -5.718285477,      -3.490656985,      -3.821253815,      -1.483302242,       -2.65031699,       1.282386428
          0,           0,         132,       -5.71754839,      -3.492005251,      -3.820240966,      -1.482036758,      -2.655867339,       1.276585801
          0,           0,         133,      -5.716827056,      -3.493335356,      -3.819244265,      -1.480790112,      -2.661379725,       1.270829061
          0,           0,         134,      -5.716122149,      -3.494648393,      -3.818263205,      -1.479589934,      -2.666854662,        1.26511475
          0,           0,         135,      -5.715434564,      -3.495945319,      -3.817298088,      -1.478413047,      -2.672292653,       1.259441978
          0,           0,         136,      -5.714764751,       -3.49722628,      -3.816348954,      -1.477172331,      -2.677694189,       1.253809955
          0,           0,         137,      -5.714111244,      -3.498493635,      -3.815414944,      -1.475949893,      -2.683059754,       1.248218052
          0,           0,         138,      -5.713474296,      -3.499748177,      -3.814496759,      -1.474815157,      -2.688389822,        1.24266537
          0,           0,         139,      -5.712854026,      -3.500990981,      -3.813595568,      -1.473749133,      -2.693684855,       1.237150157
          0,           0,         140,      -5.712251023,      -3.502223275,      -3.812711805,      -1.472730392,      -2.698945308,       1.231673739
          0,           0,         141,      -5.711666272,      -3.503446134,      -3.811845448,      -1.471700188,      -2.704171628,       1.226234318
          0,           0,         142,       -5.71109973,      -3.504659152,      -3.810995747,       -1.47063067,       -2.70936425,       1.220831791
          0,           0,         143,      -5.710550275,      -3.505864228,      -3.810163605,      -1.469591837,      -2.714523605,       1.215466479
          0,           0,         144,      -5.710018407,      -3.507062372,      -3.809350358,      -1.468676545,      -2.719650111,       1.210138062
          0,           0,         145,       -5.70950493,      -3.508254434,      -3.808557532,       -1.46779909,      -2.724744183,       1.204845788
          0,           0,         146,      -5.709010025,      -3.509441031,      -3.807785434,      -1.466951925,      -2.729806223,       1.199589129
          0,           0,         147,       -5.70853351,      -3.510622134,      -3.807034644,      -1.466125957,       -2.73483663,       1.194367238
          0,           0,         148,      -5.708075317,      -3.511799614,      -3.806305722,      -1.465286756,      -2.739835793,       1.189178664
          0,           0,         149,      -5.707636074,       -3.51297432,       -3.80559877,      -1.464517651,      -2.744804094,       1.184024469
          0,           0,         150,      -5.707215707,      -3.514146996,      -3.804915556,      -1.463821161,      -2.749741908,       1.178904388
          0,           0,         151,      -5.706814604,      -3.515316827,      -3.804257567,      -1.463119876,      -2.754649604,       1.173818402
          0,           0,         152,      -5.706432065,      -3.516486123,      -3.803624657,      -1.462444602,      -2.759527543,       1.168765637
          0,           0,         153,      -5.706068663,      -3.517656609,      -3.803017606,      -1.461911741,      -2.764376081,       1.163744538
          0,           0,         154,      -5.705726314,      -3.518831805,       -3.80243958,      -1.461398148,      -2.769195566,       1.158756068
          0,           0,         155,      -5.705406702,      -3.520010695,      -3.801890344,      -1.460806471,       -2.77398634,       1.153800621
          0,           0,         156,      -5.705107216,       -3.52119364,      -3.801366057,       -1.46032131,      -2.778748741,       1.148877604
          0,           0,         157,      -5.704824116,      -3.522373076,      -3.800870736,      -1.459855634,      -2.783483097,       1.143985775
          0,           0,         158,      -5.704555571,      -3.523524373,      -3.800405292,      -1.459408794,      -2.788189735,       1.139125396
          0,           0,         159,      -5.704298899,      -3.524653644,      -3.799969567,      -1.458874855,      -2.792868972,       1.134296927
          0,           0,         160,        -5.7040533,      -3.525779427,      -3.799562322,      -1.458437172,      -2.797521122,       1.129498998
          0,           0,         161,       -5.70381881,      -3.526914613,      -3.799185018,      -1.458064693,      -2.802146493,       1.124730484
          0,           0,         162,      -5.703596302,      -3.528067332,      -3.798839199,      -1.457883727,      -2.806745389,       1.119992704
          0,           0,         163,      -5.703387392,      -3.529235078,      -3.798527715,      -1.457801048,      -2.811318107,       1.115286073
          0,           0,         164,      -5.703193735,       -3.53041593,      -3.798250523,      -1.457721629,       -2.81586494,       1.110609048
          0,           0,         165,      -5.703017657,      -3.531608464,      -3.798004619,      -1.457649078,      -2.820386175,       1.105959071
          0,           0,         166,      -5.702861442,      -3.532812087,      -3.797788202,      -1.457586158,      -2.824882095,       1.101333711
          0,           0,         167,      -5.702726171,      -3.534025502,      -3.797600534,      -1.457515588,      -2.829352978,       1.096733932
          0,           0,         168,      -5.702612663,      -3.535248024,      -3.797441611,      -1.457476217,      -2.833799098,       1.092159922
          0,           0,         169,      -5.702521092,      -3.536479344,      -3.797311511,      -1.457460847,      -2.838220722,       1.087613706
          0,           0,         170,       -5.70245091,       -3.53771947,      -3.797209196,      -1.457466251,      -2.842618117,       1.083096134
          0,           0,         171,       -5.70240188,       -3.53896846,      -3.797133401,      -1.457491582,      -2.846991541,        1.07860673
          0,           0,         172,      -5.702374037,      -3.540226499,      -3.797082937,      -1.457538495,      -2.851341252,       1.074144572
          0,           0,         173,      -5.702367476,      -3.541493709,      -3.797056755,      -1.457598765,        -2.8556675,       1.069708763
          0,           0,         174,      -5.702381915,       -3.54277022,       -3.79705359,      -1.457674592,      -2.859970534,       1.065298462
          0,           0,         175,       -5.70241696,      -3.544056171,      -3.797072218,      -1.457770386,      -2.864250597,       1.060913021
          0,           0,         176,      -5.702472414,      -3.545352317,      -3.797111465,      -1.457877567,      -2.868507929,       1.056552076
          0,           0,         177,      -5.702547695,      -3.546658226,      -3.797169783,      -1.457981014,      -2.872742767,       1.052215853
          0,           0,         178,      -5.702642761,      -3.547973893,      -3.797246014,      -1.458113772,      -2.876955343,       1.047904103
          0,           0,         179,      -5.702757406,      -3.549299626,      -3.797339209,      -1.458277513,      -2.881145886,       1.043615787
          0,           0,         180,      -5.702891546,      -3.550635489,      -3.797448303,      -1.458453898,      -2.885314621,       1.039350888
          0,           0,         181,      -5.703044843,      -3.551981748,      -3.797571776,      -1.458641533,       -2.88946177,       1.035108555
          0,           0,         182,      -5.703217068,      -3.553338644,       -3.79770834,      -1.458841903,      -2.893587551,       1.030888785
          0,           0,         183,      -5.703408122,      -3.554706314,      -3.797856636,      -1.459052921,      -2.897692179,       1.026691949
          0,           0,         184,      -5.703617841,      -3.556085129,      -3.798015215,       -1.45927556,      -2.901775867,       1.022517968
          0,           0,         185,      -5.703846124,       -3.55747559,      -3.798182922,      -1.459493775,      -2.905838822,       1.018367349
          0,           0,         186,      -5.704092411,      -3.558877068,      -3.798358347,      -1.459716766,       -2.90988125,       1.014239086
          0,           0,         187,      -5.704356998,       -3.56028917,      -3.798540838,      -1.459963119,      -2.913903348,       1.010132782
          0,           0,         188,      -5.704639659,       -3.56171233,       -3.79872975,      -1.460226227,      -2.917905319,       1.006048159
          0,           0,         189,      -5.704940162,      -3.563146805,      -3.798924246,      -1.460498818,      -2.921887358,       1.001984877
          0,           0,         190,      -5.705258346,      -3.564592942,      -3.799123445,      -1.460778487,       -2.92584966,       0.997942729
          0,           0,         191,      -5.705594041,      -3.566051795,      -3.799326528,      -1.461087093,      -2.929792414,      0.9939215073
          0,           0,         192,      -5.705948317,      -3.567523419,      -3.799533331,      -1.461394787,      -2.933715808,      0.9899210524
          0,           0,         193,      -5.706320615,      -3.569006977,      -3.799742721,      -1.461684567,      -2.937620029,      0.9859412668
          0,           0,         194,      -5.706709597,      -3.570502073,      -3.799953812,      -1.461994734,      -2.941505257,       0.981981171
          0,           0,         195,      -5.707114944,      -3.572008629,      -3.800166894,      -1.462324544,      -2.945371674,      0.9780416028
          0,           0,         196,      -5.707536799,      -3.573526681,      -3.800382041,      -1.462661277,      -2.949219455,      0.9741216438
          0,           0,         197,       -5.70797526,      -3.575056518,      -3.800599048,      -1.463010511,      -2.953048777,      0.9702211223
          0,           0,         198,       -5.70843028,      -3.576598293,      -3.800817822,      -1.463371017,       -2.95685981,      0.9663402306
          0,           0,         199,      -5.708901573,      -3.578152155,      -3.801038115,      -1.463726721,      -2.960652724,      0.9624786609
          0,           0,         200,      -5.709388986,      -3.579717555,      -3.801259813,      -1.464098897,      -2.964427687,      0.9586361176
          0,           0,         201,      -5.709892941,      -3.581294373,      -3.801483537,       -1.46449422,      -2.968184865,       0.954812365
          0,           0,         202,      -5.710413256,      -3.582882674,       -3.80170977,      -1.464907487,      -2.971924419,      0.9510074418
          0,           0,         203,      -5.710949811,      -3.584482362,      -3.801938725,      -1.465334636,      -2.975646511,      0.9472214114
          0,           0,         204,      -5.711502607,      -3.586094053,      -3.802170548,      -1.465768095,      -2.979351299,      0.9434539889
          0,           0,         205,      -5.712071178,      -3.587716978,      -3.802405219,       -1.46620554,      -2.983038938,      0.9397052659
          0,           0,         206,      -5.712655884,      -3.589350781,       -3.80264332,       -1.46666951,      -2.986709583,      0.9359749751
          0,           0,         207,      -5.713256792,      -3.590995462,      -3.802885618,      -1.467155565,      -2.990363385,      0.9322619803
          0,           0,         208,      -5.713873791,      -3.592651238,       -3.80313255,      -1.467660355,      -2.994000495,      0.9285670996
          0,           0,         209,      -5.714506712,       -3.59431834,      -3.803384358,      -1.468166696,      -2.997621059,      0.9248901421
          0,           0,         210,      -5.715155089,      -3.595995916,      -3.803641206,      -1.468683471,      -3.001225224,      0.9212308027
          0,           0,         211,      -5.715819072,      -3.597683943,       -3.80390379,      -1.469231192,      -3.004813134,      0.9175890773
          0,           0,         212,      -5.716498569,       -3.59938263,      -3.804172762,      -1.469806718,      -3.008384931,      0.9139645476
          0,           0,         213,      -5.717193326,      -3.601091924,      -3.804448397,      -1.470391348,      -3.011940754,      0.9103564912
          0,           0,         214,      -5.717903271,       -3.60281099,      -3.804730882,      -1.470997277,      -3.015480742,      0.9067655855
          0,           0,         215,      -5.718628722,       -3.60453984,      -3.805020858,      -1.471631248,      -3.019005031,       0.903191584
          0,           0,         216,      -5.719369498,      -3.606278717,      -3.805318832,      -1.472278557,      -3.022513756,       0.899634333
          0,           0,         217,      -5.720125287,      -3.608026565,      -3.805624919,      -1.472945778,       -3.02600705,      0.8960937495
          0,           0,         218,       -5.72089639,      -3.609783639,      -3.805939613,      -1.473638992,      -3.029485043,      0.8925696515
          0,           0,         219,      -5.721682486,      -3.611549652,      -3.806263218,      -1.474345671,      -3.032947866,      0.8890617447
          0,           0,         220,      -5.722483424,      -3.613324009,      -3.806595979,      -1.475076378,      -3.036395646,      0.8855700085
          0,           0,         221,      -5.723299299,       -3.61510677,      -3.806938266,      -1.475823753,      -3.039828509,      0.8820933015
          0,           0,         222,      -5.724129669,      -3.616897283,      -3.807290177,       -1.47658774,      -3.043246579,      0.8786325796
          0,           0,         223,      -5.724974348,      -3.618695526,      -3.807651954,      -1.477374748,       -3.04664998,      0.8751879234
          0,           0,         224,      -5.725833242,       -3.62050146,      -3.808023801,      -1.478186258,      -3.050038834,      0.8717590751
          0,           0,         225,      -5.726706265,      -3.622315056,      -3.808405781,      -1.479013478,      -3.053413259,      0.8683457511
          0,           0,         226,      -5.727593192,      -3.624135875,      -3.808797911,      -1.479852591,      -3.056773375,      0.8649471079
          0,           0,         227,      -5.728493927,      -3.625965164,      -3.809200188,      -1.480707096,      -3.060119298,      0.8615640006
          0,           0,         228,       -5.72940806,      -3.627812918,       -3.80961265,      -1.481556174,      -3.063451143,      0.8581964655
          0,           0,         229,      -5.730334795,       -3.62967467,      -3.810035025,      -1.482381901,      -3.066769025,      0.8548445647
          0,           0,         230,      -5.731273905,      -3.631530552,      -3.810466849,      -1.483258295,      -3.070073056,      0.8515082951
          0,           0,         231,      -5.732226329,      -3.633381755,      -3.810909136,      -1.484211159,      -3.073363349,      0.8481870116
          0,           0,         232,      -5.733192006,      -3.635229903,      -3.811362809,      -1.485203213,      -3.076640014,      0.8448801677
          0,           0,         233,      -5.734170791,      -3.637076263,      -3.811827252,      -1.486206726,       -3.07990316,      0.8415876951
          0,           0,         234,      -5.735162734,      -3.638921712,       -3.81230162,      -1.487224685,      -3.083152892,      0.8383094078
          0,           0,         235,      -5.736168048,      -3.640766678,      -3.812785449,      -1.488258131,      -3.086389319,      0.8350454209
          0,           0,         236,      -5.737186853,      -3.642611492,      -3.813278348,      -1.489302425,      -3.089612544,      0.8317969278
          0,           0,         237,      -5.738219157,      -3.644456272,      -3.813779851,      -1.490355239,      -3.092822671,      0.8285637267
          0,           0,         238,      -5.739264928,      -3.646301003,      -3.814289516,      -1.491416489,      -3.096019802,      0.8253451128
          0,           0,         239,      -5.740324154,      -3.648145559,      -3.814806905,        -1.4924863,      -3.099204039,      0.8221400781
          0,           0,         240,      -5.741396761,      -3.649989782,      -3.815331542,      -1.493564073,       -3.10237548,       0.818947115
          0,           0,         241,      -5.742482611,      -3.651833423,      -3.815862905,      -1.494648938,      -3.105534226,      0.8157662063
          0,           0,         242,      -5.743581548,      -3.653675892,       -3.81640044,      -1.495735332,      -3.108680372,      0.8125979204
          0,           0,         243,      -5.744693178,      -3.655517064,      -3.816943563,      -1.496823596,      -3.111814017,      0.8094422624
          0,           0,         244,      -5.745817346,      -3.657356601,      -3.817491593,      -1.497922391,      -3.114935254,       0.806299477
          0,           0,         245,      -5.746954032,      -3.659194011,      -3.818043857,       -1.49902895,      -3.118044177,      0.8031696473
          0,           0,         246,      -5.748103232,      -3.661028905,      -3.818599649,      -1.500138842,      -3.121140881,      0.8000522166
          0,           0,         247,      -5.749264933,      -3.662860825,      -3.819158211,      -1.501249027,      -3.124225456,      0.7969473077
          0,           0,         248,      -5.750439054,      -3.664689282,      -3.819718719,      -1.502357949,      -3.127297995,      0.7938560252
          0,           0,         249,      -5.751625429,      -3.666513831,      -3.820280306,      -1.503464477,      -3.130358587,      0.7907781694
          0,           0,         250,      -5.752823848,      -3.668333908,      -3.820842086,      -1.504566125,      -3.133407319,      0.7877122407
          0,           0,         251,       -5.75403416,      -3.670148747,      -3.821403206,      -1.505656366,      -3.136444282,      0.7846582908
          0,           0,         252,      -5.755255937,      -3.671958323,      -3.821962807,      -1.506740906,      -3.139469561,      0.7816168819
          0,           0,         253,      -5.756489069,      -3.673762175,       -3.82251998,      -1.507825402,      -3.142483243,      0.7785872954
          0,           0,         254,      -5.757733453,      -3.675559908,      -3.823073892,      -1.508905978,      -3.145485412,      0.7755693321
          0,           0,         255,      -5.758989003,        -3.6773511,      -3.823623741,      -1.509979191,      -3.148476154,      0.7725640278
          0,           0,         256,      -5.760255616,      -3.679135337,      -3.824168706,      -1.511043815,       -3.15145555,      0.7695712301
          0,           0,         257,      -5.761533161,      -3.680912236,      -3.824707973,      -1.512099601,      -3.154423684,      0.7665907883
          0,           0,         258,      -5.762821481,      -3.682681342,      -3.825240767,      -1.513146903,      -3.157380636,      0.7636214826
          0,           0,         259,      -5.764120342,      -3.684442076,      -3.825766403,      -1.514175596,      -3.160326488,      0.7606636216
          0,           0,         260,      -5.765429304,      -3.686194551,      -3.826284163,      -1.515195142,      -3.163261318,      0.7577177566
          0,           0,         261,      -5.766748278,      -3.687938458,      -3.826793431,      -1.516210614,      -3.166185205,      0.7547825969
          0,           0,         262,      -5.768077202,      -3.689673511,      -3.827293736,      -1.517219694,      -3.169098227,      0.7518578837
          0,           0,         263,      -5.769416004,      -3.691399494,      -3.827784665,      -1.518220715,      -3.172000462,      0.7489439988
          0,           0,         264,      -5.770764514,      -3.693116166,      -3.828265838,      -1.519211856,      -3.174891985,      0.7460428637
          0,           0,         265,      -5.772122601,      -3.694823171,      -3.828736968,      -1.520195014,      -3.177772871,      0.7431542606
          0,           0,         266,       -5.77349016,      -3.696520105,      -3.829197893,      -1.521164033,      -3.180643196,      0.7402775037
          0,           0,         267,      -5.774866829,      -3.698207252,      -3.829648509,       -1.52212894,      -3.183503033,      0.7374122222
          0,           0,         268,      -5.776252541,      -3.699884471,       -3.83008883,      -1.523093992,      -3.186352455,       0.734558138
          0,           0,         269,      -5.777647226,      -3.701551663,      -3.830519024,      -1.524057818,      -3.189191534,      0.7317137954
          0,           0,         270,      -5.779050842,      -3.703208763,      -3.830939358,      -1.525019925,      -3.192020342,          0.728881
          0,           0,         271,      -5.780463331,      -3.704855719,      -3.831350169,       -1.52598023,      -3.194838949,      0.7260605862
          0,           0,         272,      -5.781884574,      -3.706492074,      -3.831751886,       -1.52693339,      -3.197647426,      0.7232522559
          0,           0,         273,      -5.783314181,       -3.70811837,      -3.832144991,      -1.527886923,      -3.200445841,      0.7204551467
          0,           0,         274,      -5.784752123,      -3.709734612,      -3.832530037,      -1.528848408,      -3.203234262,      0.7176671082
          0,           0,         275,      -5.786198373,      -3.711340829,      -3.832907772,      -1.529817049,      -3.206012759,      0.7148891032
          0,           0,         276,      -5.787652905,      -3.712937112,      -3.833279003,      -1.530792478,      -3.208781397,      0.7121210701
          0,           0,         277,      -5.789115598,      -3.714523256,      -3.833644552,      -1.531771945,      -3.211540244,      0.7093641722
          0,           0,         278,      -5.790586196,      -3.716099344,      -3.834005307,      -1.532754191,      -3.214289365,      0.7066178644
          0,           0,         279,      -5.792064602,      -3.717665788,      -3.834362182,      -1.533750858,      -3.217028825,        0.70388042
          0,           0,         280,      -5.793550885,      -3.719222685,      -3.834716188,      -1.534763448,      -3.219758689,      0.7011522734
          0,           0,         281,       -5.79504504,      -3.720770156,      -3.835068398,      -1.535789793,       -3.22247902,      0.6984342222
          0,           0,         282,      -5.796547009,      -3.722307956,      -3.835419853,      -1.536827136,      -3.225189883,      0.6957264019
          0,           0,         283,      -5.798056524,      -3.723836444,      -3.835771591,      -1.537874106,      -3.227891338,      0.6930267177
          0,           0,         284,      -5.799573448,      -3.725356043,      -3.836124589,      -1.538940168,      -3.230583448,      0.6903374414
          0,           0,         285,      -5.801097819,      -3.726866881,      -3.836479871,      -1.540026176,      -3.233266274,      0.6876587582
          0,           0,         286,      -5.802629667,      -3.728368942,      -3.836838457,      -1.541130064,      -3.235939877,      0.6849878429
          0,           0,         287,      -5.804168894,       -3.72986211,      -3.837201311,       -1.54224587,      -3.238604316,       0.682327113
          0,           0,         288,      -5.805715249,      -3.731347146,      -3.837569282,      -1.543381354,      -3.241259652,      0.6796768487
          0,           0,         289,      -5.807268705,      -3.732824149,      -3.837943159,      -1.544537236,      -3.243905943,      0.6770364726
          0,           0,         290,      -5.808829323,      -3.734292885,      -3.838323714,         -1.545712,      -3.246543247,      0.6744034508
          0,           0,         291,      -5.810397089,      -3.735753404,      -3.838711636,      -1.546900814,      -3.249171623,      0.6717781087
          0,           0,         292,      -5.811971866,      -3.737206296,      -3.839107475,      -1.548109496,      -3.251791127,      0.6691631753
          0,           0,         293,      -5.813553713,      -3.738651618,      -3.839511712,      -1.549337974,      -3.254401815,      0.6665582283
          0,           0,         294,      -5.815142653,      -3.740088932,      -3.839924759,      -1.550579185,      -3.257003744,      0.6639629056
          0,           0,         295,      -5.816738426,      -3.741518983,      -3.840346873,      -1.551834911,      -3.259596969,       0.661376939
          0,           0,         296,      -5.818341107,      -3.742941837,      -3.840778173,      -1.553107259,      -3.262181545,      0.6588007583
          0,           0,         297,      -5.819950749,      -3.744357043,      -3.841218722,      -1.554390321,      -3.264757527,      0.6562316002
          0,           0,         298,       -5.82156719,      -3.745765264,      -3.841668464,      -1.555684397,      -3.267324967,      0.6536719253
          0,           0,         299,       -5.82319051,      -3.747166437,      -3.842127186,      -1.556989964,      -3.269883921,      0.6511202407
          0,           0,         300,      -5.824820524,      -3.748560375,      -3.842594592,      -1.558300235,      -3.272434439,      0.6485769234
          0,           0,         301,      -5.826457206,      -3.749947504,      -3.843070277,      -1.559619792,      -3.274976575,      0.6460430575
          0,           0,         302,      -5.828100769,      -3.751327362,      -3.843553762,      -1.560944091,      -3.277510381,      0.6435186689
          0,           0,         303,      -5.829751133,      -3.752700517,      -3.844044472,      -1.562272444,      -3.280035907,      0.6410028163
          0,           0,         304,      -5.831408378,      -3.754066446,      -3.844541732,      -1.563601139,      -3.282553205,      0.6384936715
          0,           0,         305,      -5.833072375,      -3.755425669,      -3.845044789,      -1.564930185,      -3.285062325,      0.6359929728
          0,           0,         306,      -5.834743207,      -3.756777797,      -3.845552827,      -1.566255986,      -3.287563316,      0.6334991535
          0,           0,         307,      -5.836420843,       -3.75812295,      -3.846064981,      -1.567577283,      -3.290056228,       0.631014301
          0,           0,         308,      -5.838105307,      -3.759461173,      -3.846580315,      -1.568892145,      -3.292541111,      0.6285387743
          0,           0,         309,      -5.839796649,       -3.76079232,      -3.847097874,      -1.570199048,      -3.295018012,      0.6260719636
          0,           0,         310,       -5.84149468,      -3.762116303,      -3.847616674,      -1.571494842,      -3.297486979,      0.6236143034
          0,           0,         311,      -5.843199593,      -3.763433299,      -3.848135747,      -1.572780786,      -3.299948061,      0.6211655702
          0,           0,         312,      -5.844911617,      -3.764743213,      -3.848654141,        -1.5740554,      -3.302401304,      0.6187255568
          0,           0,         313,      -5.846630862,      -3.766045831,      -3.849170915,      -1.575316668,      -3.304846755,      0.6162937521
          0,           0,         314,      -5.848357388,      -3.767341231,       -3.84968516,      -1.576562452,      -3.307284461,      0.6138704704
          0,           0,         315,      -5.850091253,      -3.768629472,         -3.850196,      -1.577791607,      -3.309714467,      0.6114551278
          0,           0,         316,      -5.851832532,      -3.769910727,      -3.850702625,       -1.57900294,       -3.31213682,       0.609047594
          0,           0,         317,      -5.853581325,      -3.771184853,      -3.851204285,      -1.580196153,      -3.314551563,      0.6066480209
          0,           0,         318,      -5.855337708,      -3.772451372,      -3.851700312,      -1.581370602,      -3.316958741,      0.6042563417
          0,           0,         319,      -5.857101493,      -3.773709418,      -3.852190135,      -1.582520386,      -3.319358398,       0.601872416
          0,           0,         320,      -5.858872575,       -3.77496101,      -3.852673268,      -1.583645745,       -3.32175058,      0.5994963799
          0,           0,         321,      -5.860650813,      -3.776207243,      -3.853149292,      -1.584757219,       -3.32413533,      0.5971269228
          0,           0,         322,      -5.862436194,      -3.777448294,      -3.853618057,      -1.585854238,      -3.326512691,      0.5947617273
          0,           0,         323,      -5.864228874,      -3.778684308,      -3.854079519,      -1.586934504,      -3.328882704,      0.5924036093
          0,           0,         324,      -5.866029112,      -3.779915507,      -3.854533679,      -1.587997386,      -3.331245414,      0.5900523013
          0,           0,         325,      -5.867837154,      -3.781142038,      -3.854980652,      -1.589042896,      -3.333600862,      0.5877087772
          0,           0,         326,      -5.869653178,      -3.782364331,       -3.85542066,      -1.590073848,       -3.33594909,      0.5853732782
          0,           0,         327,      -5.871477188,      -3.783582417,      -3.855854096,      -1.591090306,      -3.338290139,      0.5830454248
          0,           0,         328,      -5.873309263,      -3.784796489,      -3.856281426,      -1.592094685,      -3.340624049,      0.5807255109
          0,           0,         329,      -5.875149691,      -3.786006884,      -3.856703256,      -1.593090168,      -3.342950861,      0.5784134392
          0,           0,         330,      -5.876998615,      -3.787213874,      -3.857120314,       -1.59407827,      -3.345270613,      0.5761090622
          0,           0,         331,      -5.878856114,      -3.788417745,      -3.857533434,      -1.595060051,      -3.347583347,      0.5738123814
          0,           0,         332,      -5.880722252,      -3.789618768,      -3.857943536,      -1.596037283,      -3.349889101,      0.5715232969
          0,           0,         333,      -5.882597093,      -3.790817114,      -3.858351618,      -1.597010366,      -3.352187915,      0.5692423613
          0,           0,         334,      -5.884480649,      -3.792013433,      -3.858758728,      -1.597980189,      -3.354479828,       0.566968926
          0,           0,         335,      -5.886372741,      -3.793207935,      -3.859165946,      -1.598950022,      -3.356764876,      0.5647027576
          0,           0,         336,      -5.888273657,      -3.794400989,      -3.859574453,       -1.59992464,        -3.3590431,      0.5624441699
          0,           0,         337,      -5.890183592,      -3.795592976,       -3.85998548,      -1.600905036,      -3.361314537,      0.5601929641
          0,           0,         338,      -5.892102599,      -3.796784277,      -3.860400264,      -1.601892047,      -3.363579224,      0.5579488792
          0,           0,         339,      -5.894030685,      -3.797975277,      -3.860820046,      -1.602887213,      -3.365837198,       0.555711772
          0,           0,         340,      -5.895967876,      -3.799166278,      -3.861246056,      -1.603893761,      -3.368088496,      0.5534815925
          0,           0,         341,      -5.897914179,       -3.80035784,      -3.861679507,      -1.604910778,      -3.370333155,      0.5512585127
          0,           0,         342,      -5.899869343,      -3.801550191,      -3.862121555,      -1.605938923,       -3.37257121,      0.5490421478
          0,           0,         343,       -5.90183364,      -3.802743691,      -3.862573301,      -1.606983315,      -3.374802699,       0.546832521
          0,           0,         344,      -5.903807259,      -3.803938727,      -3.863035839,      -1.608045393,      -3.377027655,      0.5446296374
          0,           0,         345,      -5.905790253,      -3.805135681,      -3.863510208,      -1.609125428,      -3.379246114,      0.5424338692
          0,           0,         346,      -5.907782606,      -3.806334923,       -3.86399734,      -1.610224012,      -3.381458112,      0.5402448064
          0,           0,         347,      -5.909784327,      -3.807536913,      -3.864498068,      -1.611341804,      -3.383663684,      0.5380623528
          0,           0,         348,      -5.911795265,      -3.808741913,      -3.865013126,      -1.612477271,      -3.385862863,      0.5358864298
          0,           0,         349,      -5.913815487,       -3.80995013,       -3.86554313,      -1.613633708,      -3.388055683,      0.5337171062
          0,           0,         350,      -5.915845212,      -3.811161871,      -3.866088617,      -1.614812111,       -3.39024218,      0.5315543108
          0,           0,         351,      -5.917884514,       -3.81237738,       -3.86665002,      -1.616011522,       -3.39242239,      0.5293979164
          0,           0,         352,      -5.919933375,      -3.813596926,      -3.867227664,      -1.617231306,      -3.394596349,      0.5272477504
          0,           0,         353,      -5.921991791,      -3.814820926,      -3.867821696,      -1.618472293,      -3.396764089,       0.525103926
          0,           0,         354,      -5.924059533,      -3.816049386,      -3.868432171,      -1.619732255,      -3.398925645,      0.5229664484
          0,           0,         355,      -5.926136758,      -3.817282577,      -3.869059013,      -1.621012985,      -3.401081046,      0.5208356266
          0,           0,         356,      -5.928223694,      -3.818520733,      -3.869702035,      -1.622313502,      -3.403230319,      0.5187110357
          0,           0,         357,      -5.930320411,      -3.819764029,      -3.870360927,      -1.623632132,      -3.405373499,      0.5165926407
          0,           0,         358,      -5.932426899,      -3.821012701,      -3.871035291,      -1.624967899,      -3.407510615,      0.5144804543
          0,           0,         359,      -5.934543041,      -3.822266954,      -3.871724613,      -1.626318132,        -3.4096417,      0.5123744749
          0,           0,         360,      -5.936668741,      -3.823526698,      -3.872428257,      -1.627683276,      -3.411766785,      0.5102748292
          0,           0,         361,      -5.938804281,      -3.824792045,      -3.873145523,      -1.629063567,        -3.4138859,      0.5081814914
          0,           0,         362,      -5.940949798,      -3.826063101,       -3.87387566,      -1.630457044,      -3.415999077,      0.5060942336
          0,           0,         363,      -5.943105322,      -3.827340064,      -3.874617767,      -1.631862018,      -3.418106345,      0.5040129819
          0,           0,         364,      -5.945270719,      -3.828622928,      -3.875370929,      -1.633274997,      -3.420207737,      0.5019377054
          0,           0,         365,      -5.947445913,      -3.829911552,      -3.876134183,      -1.634695845,      -3.422303281,      0.4998685357
          0,           0,         366,      -5.949631165,      -3.831206041,      -3.876906472,      -1.636124412,      -3.424393008,      0.4978055659
          0,           0,         367,      -5.951826619,      -3.832506407,      -3.877686759,      -1.637558877,      -3.426476947,        0.49574846
          0,           0,         368,      -5.954032316,      -3.833813022,      -3.878473996,      -1.638996483,       -3.42855512,      0.4936969112
          0,           0,         369,      -5.956247954,        -3.8351255,      -3.879267119,      -1.640435466,       -3.43062756,      0.4916509637
          0,           0,         370,      -5.958473747,      -3.836443682,      -3.880065072,        -1.6418763,      -3.432694304,       0.489610628
          0,           0,         371,        -5.9607099,      -3.837767581,      -3.880866813,      -1.643317948,      -3.434755384,      0.4875759738
          0,           0,         372,       -5.96295652,       -3.83909731,      -3.881671383,      -1.644757686,      -3.436810821,      0.4855468979
          0,           0,         373,      -5.965213432,      -3.840432579,      -3.882477801,      -1.646193321,      -3.438860646,      0.4835235139
          0,           0,         374,      -5.967480778,      -3.841773179,      -3.883285173,      -1.647626317,      -3.440904889,      0.4815061029
          0,           0,         375,      -5.969758769,      -3.843119035,      -3.884092684,      -1.649055792,      -3.442943569,      0.4794943873
          0,           0,         376,      -5.972047489,      -3.844470488,      -3.884899588,      -1.650480399,      -3.444976716,      0.4774882958
          0,           0,         377,      -5.974346709,       -3.84582707,      -3.885705202,      -1.651899285,      -3.447004361,      0.4754877305
          0,           0,         378,       -5.97665669,       -3.84718877,      -3.886508921,       -1.65331355,      -3.449026538,      0.4734926901
          0,           0,         379,      -5.978977634,      -3.848555626,      -3.887310331,      -1.654720957,      -3.451043265,      0.4715032782
          0,           0,         380,      -5.981309481,      -3.849927532,      -3.888109008,      -1.656120574,      -3.453054566,      0.4695193909
          0,           0,         381,      -5.983652234,       -3.85130416,      -3.888904672,      -1.657514176,       -3.45506047,      0.4675410871
          0,           0,         382,      -5.986006126,      -3.852685685,      -3.889697173,      -1.658902307,      -3.457061002,      0.4655680728
          0,           0,         383,       -5.98837119,      -3.854071962,      -3.890486469,      -1.660284537,       -3.45905619,      0.4636005792
          0,           0,         384,      -5.990747453,      -3.855462742,      -3.891272616,      -1.661661533,      -3.461046059,       0.461638371
          0,           0,         385,      -5.993135025,      -3.856858082,      -3.892055756,        -1.6630333,       -3.46303064,      0.4596815622
          0,           0,         386,       -5.99553394,      -3.858257839,      -3.892836187,      -1.664400661,      -3.465009965,      0.4577299398
          0,           0,         387,      -5.997944321,      -3.859662113,      -3.893614242,      -1.665764832,      -3.466984066,       0.455783478
          0,           0,         388,      -6.000366219,       -3.86107071,        -3.8943904,      -1.667126092,      -3.468952954,      0.4538422266
